Name,Gender,Country_of_Birth,Nationality,Marital_Status_Key,Payroll_Area,Position,EducationField,Institution,title
Olga Pritchett,F,United States of America,US,Single,MP,Staff,Economics,Beijing Normal University,Bachelor Degree
Andrea Bradford,M,Honduras,US,Widowed,WP,Staff,Other,Leiden University,Master Degree
Edwin Smith,F,United States of America,US,Divorced,MP,Staff,Economics,Ecole normale superieure - Paris,Bachelor Degree
Ronald Vaughn,M,United States of America,US,Single,BW,Staff,Economics,University of Virginia,Bachelor Degree
Carl Herzog,M,Madagascar,US,Married,BW,Staff,Engineering,University of Paris-Sud,Bachelor Degree
Carmen Gillen,M,Russian Federation,US,Married,WP,Staff,Engineering,Free University of Berlin,Master Degree
Gladys Hopkins,F,United States of America,US,Married,BW,Staff,Other,University of Essex,Bachelor Degree
Mariann Cruz,M,United States of America,US,Married,BW,Staff,Engineering,James Cook University,Master Degree
Roy Domingo,M,United States of America,US,Divorced,MP,Business Manager,Economics,University of New South Wales,Bachelor Degree
Joanne Brown,M,United States of America,US,Divorced,MP,Staff,Other,University of Pennsylvania,Bachelor Degree
Vida Morris,M,United States of America,US,Married,BW,Business Manager,Economics,University of St Andrews,Master Degree
Alice Butler,F,United States of America,US,Single,BW,Business Manager,Economics,Osaka University,Bachelor Degree
Stephanie Spera,M,United States of America,US,Divorced,BW,Staff,Other,Columbia University,Bachelor Degree
Matthew Harvey,M,United States of America,US,Single,WP,Staff,Computer Science,Radboud University Nijmegen,Bachelor Degree
Odessa Baker,F,United States of America,US,Married,MP,Staff,Other,Mississippi State University,Master Degree
Carol Pringle,F,United States of America,US,Married,BW,Staff,Economics,University of Perpignan Via Domitia,Master Degree
Scott Jones,M,Singapore,US,Single,BW,Staff,Engineering,Peking University,Bachelor Degree
Morgan Pryor,F,United States of America,US,Divorced,MP,Staff,Economics,University of Tromso - The Arctic University of Norway,Bachelor Degree
George Wheeler,F,United States of America,US,Married,MP,Business Manager,Economics,Wageningen University and Research Centre,Doctoral Degree
Cleo Ford,D,United States of America,US,Married,MP,Staff,Other,Rice University,Bachelor Degree
William Evener,F,United States of America,US,Married,MP,Senior Developer,Computer Science,Tohoku University,Bachelor Degree
Dorla Turner,F,United States of America,US,Married,BW,Staff,Engineering,Kitasato University,Doctoral Degree
Patricia Scott,F,Iraq,US,Single,BW,Staff,Other,University of Salento,Doctoral Degree
Thomas Park,F,United States of America,US,Married,MP,Staff,Economics,North Dakota State University - Main Campus,Master Degree
Michael Welter,M,United States of America,US,Single,MP,Staff,Computer Science,Rice University,Master Degree
Alex Walsh,F,United States of America,US,Married,BW,Staff,Other,Johns Hopkins University,Bachelor Degree
Darlene Andersen,M,United States of America,US,Married,MP,Staff,Other,Kansas State University,Bachelor Degree
Ramon Hernandez,F,United States of America,US,Married,MP,Staff,Economics,Princeton University,Master Degree
John Frausto,F,United States of America,US,Widowed,BW,Staff,Engineering,University of Porto,Bachelor Degree
Jaime Rodriguez,F,United States of America,US,Divorced,WP,Staff,Computer Science,Stockholm University,Master Degree
Dwayne Eiselein,M,United States of America,US,Married,MP,Staff,Engineering,National Central University,Master Degree
Zachary Carter,M,United States of America,US,Single,MP,Staff,Engineering,University of Queensland,Bachelor Degree
Judy Roberts,M,United States of America,US,Married,BW,Staff,Economics,University of Lorraine,Master Degree
Wanda Figueroa,F,United States of America,US,Married,MP,Staff,Computer Science,University of Melbourne,Master Degree
Esther Ferguson,F,United States of America,US,Single,MP,Staff,Other,University of Gottingen,Bachelor Degree
Robert Brei,F,United States of America,US,Married,MP,Staff,Computer Science,National Tsing Hua University,Bachelor Degree
Oscar Scott,M,United States of America,US,Single,MP,Staff,Computer Science,City College of New York,Bachelor Degree
Todd Reyna,M,Kenya,US,Single,MP,Senior Developer,Computer Science,Fluminense Federal University,Master Degree
Frederick Stokes,F,United States of America,US,Married,WP,Product Manager,Engineering,"University of California, Santa Barbara",Bachelor Degree
John Searfoss,F,United States of America,US,Single,WP,Production Manager,Engineering,University of Chicago,Bachelor Degree
Zachary Puckett,F,Guadeloupe,US,Married,MP,Senior Developer,Computer Science,Sofia University,Master Degree
Earlene Pulliam,M,Qatar,US,Married,WP,Staff,Other,Bogazici University,Master Degree
Amanda Yasso,M,United States of America,US,Single,WP,Developer,Computer Science,University College Dublin,Master Degree
Janet Gregor,M,United States of America,US,Divorced,WP,Staff,Engineering,Babes-Bolyai University,Master Degree
Elizabeth Watkins,M,United States of America,US,Married,BW,Developer,Computer Science,Stockholm University,Master Degree
Lamont Hall,M,United States of America,US,Married,BW,Staff,Engineering,Brigham Young University,Master Degree
John Majeski,M,El Salvador,US,Married,WP,Staff,Computer Science,Ecole normale superieure de Cachan,Bachelor Degree
Jane Sumner,F,United States of America,US,Married,WP,Staff,Other,National Taiwan University,Master Degree
Constance Floyd,M,United States of America,US,Married,BW,Staff,Economics,Eindhoven University of Technology,Bachelor Degree
Ann Orellana,M,United States of America,US,Single,MP,Product Manager,Engineering,North Carolina State University,Bachelor Degree
Ester Bates,F,Slovakia (Slovak Republic),US,Divorced,MP,Staff,Other,"Ohio State University, Columbus",Master Degree
Donna Handsaker,M,United States of America,US,Married,BW,Staff,Other,University of Missouri-Columbia,Bachelor Degree
Michael Jones,M,United States of America,US,Married,MP,Staff,Computer Science,University of Erlangen-Nuremberg,Master Degree
Matthew Diaz,M,United States of America,US,Married,BW,Staff,Economics,Case Western Reserve University,Master Degree
David Haugen,M,United States of America,US,Widowed,BW,Staff,Other,University of Georgia,Bachelor Degree
George Parker,F,United States of America,US,Married,MP,Staff,Engineering,Osaka University,Master Degree
Arthur Lauria,M,United States of America,US,Married,MP,Staff,Computer Science,Tohoku University,Bachelor Degree
Gertrudis Goodale,M,United States of America,US,Married,MP,Staff,Engineering,University of Liverpool,Bachelor Degree
Joanne Wyatt,M,United States of America,US,Married,MP,Staff,Engineering,Queen's University,Master Degree
Lawrence Carlson,M,Lithuania,US,Single,MP,Staff,Engineering,National Chung Hsing University,Master Degree
Robert Radice,M,United States of America,US,Widowed,BW,Staff,Economics,University of Canterbury,Bachelor Degree
Mitchell Murphy,M,United States of America,US,Single,WP,Staff,Computer Science,University of New South Wales,Master Degree
Bill Walker,F,United States of America,US,Single,MP,Staff,Engineering,"University of Maryland, Baltimore County",Bachelor Degree
Mary Simmons,M,United States of America,US,Married,WP,Business Manager,Economics,York University,Master Degree
Tiffany Edwards,F,United States of America,US,Single,WP,Staff,Economics,Nagoya University,Bachelor Degree
Charles Mccool,M,United States of America,US,Widowed,BW,Staff,Other,University of the Witwatersrand,Bachelor Degree
Keith Kaelker,M,United States of America,US,Single,WP,Senior Developer,Computer Science,University of Toyama,Master Degree
Percy Woods,F,United States of America,US,Married,MP,Staff,Other,Heriot-Watt University,Doctoral Degree
Judith Provenzano,F,United States of America,US,Married,BW,Business Manager,Economics,Nihon University,Master Degree
Charles Quintero,F,United States of America,US,Single,BW,Staff,Other,Osaka University,Bachelor Degree
Chad Murray,M,United States of America,US,Widowed,BW,Staff,Other,Weizmann Institute of Science,Master Degree
Thomas Spencer,F,United States of America,US,Married,MP,Staff,Computer Science,University of Hamburg,Bachelor Degree
Wynona Craig,F,United States of America,US,Married,MP,Staff,Engineering,"University at Buffalo, The State University of New York",Master Degree
Donald Longoria,M,United States of America,US,Divorced,BW,Business Manager,Economics,Ecole normale superieure - Paris,Master Degree
Jimmy Peters,F,Kyrgyz Republic,US,Married,WP,Senior Developer,Computer Science,Darmstadt University of Technology,Doctoral Degree
Carlos Nance,M,United States of America,US,Single,BW,Staff,Computer Science,University of Dusseldorf,Master Degree
Janice Macias,F,United States of America,US,Single,BW,Staff,Engineering,University of Cambridge,Bachelor Degree
Johnnie Ford,F,United States of America,US,Married,MP,Staff,Computer Science,University of Texas at Austin,Bachelor Degree
Joe Dorsey,F,Barbados,US,Single,BW,Project Manager,Engineering,University of Miyazaki,Doctoral Degree
Lucille Adams,D,United States of America,US,Married,WP,Staff,Economics,University of Lausanne,Master Degree
Victoria Grim,M,United States of America,US,Married,MP,Staff,Engineering,University of Lausanne,Bachelor Degree
Leon Jones,F,United States of America,US,Single,WP,Staff,Engineering,Technical University of Munich,Bachelor Degree
Nancy Howard,F,United States of America,US,Married,WP,Staff,Economics,Goethe University Frankfurt,Bachelor Degree
Fredrick Slenker,M,United States of America,US,Divorced,MP,Staff,Other,Technion – Israel Institute of Technology,Master Degree
Florence Bliss,M,United States of America,US,Single,WP,Staff,Other,Kyoto University,Master Degree
Louis Huddleston,F,United States of America,US,Married,WP,Staff,Computer Science,Osaka City University,Bachelor Degree
Nathan Gutierrez,M,United States of America,US,Single,BW,Staff,Other,East Carolina University,Doctoral Degree
David Esparza,M,United States of America,US,Married,MP,Staff,Economics,Ecole normale superieure de Cachan,Bachelor Degree
David Carroll,F,United States of America,US,Married,BW,Staff,Engineering,University of Melbourne,Bachelor Degree
Matthew Perry,M,United States of America,US,Married,WP,Staff,Computer Science,National Central University,Master Degree
Amy Owen,F,India,US,Married,WP,Staff,Other,University of Chicago,Master Degree
Ann Rances,M,Ecuador,US,Widowed,BW,Business Manager,Economics,Darmstadt University of Technology,Bachelor Degree
Franklin Stodden,F,United States of America,US,Married,MP,Staff,Economics,Heriot-Watt University,Bachelor Degree
David Rojas,F,United States of America,US,Single,WP,Staff,Engineering,Royal Institute of Technology,Master Degree
Michael Nipp,M,Nicaragua,US,Married,BW,Senior Developer,Computer Science,Pierre-and-Marie-Curie University,Bachelor Degree
Flora Berrios,F,United States of America,US,Single,MP,Staff,Engineering,University of Iowa,Bachelor Degree
Dorothy Krans,M,Guernsey,US,Married,MP,Staff,Other,University of Toronto,Bachelor Degree
Matthew Perry,F,United States of America,US,Married,MP,Staff,Engineering,Kanazawa University,Master Degree
Mary Johnson,F,United States of America,US,Married,BW,Senior Developer,Computer Science,Carnegie Mellon University,Bachelor Degree
Tyler Fitz,F,United States of America,US,Divorced,MP,Staff,Engineering,University of Cordoba (Spain),Doctoral Degree
